technology,scenario,year,locs,unit,total_investment_cost
ccgt,climate_neutrality,2050,AUT,billion_2015eur,0.5652847278276486
ccgt,climate_neutrality,2050,BEL,billion_2015eur,0.18891260961497353
ccgt,climate_neutrality,2050,BGR,billion_2015eur,0.0002347051465117719
ccgt,climate_neutrality,2050,CYP,billion_2015eur,6.894457405171356e-05
ccgt,climate_neutrality,2050,CZE,billion_2015eur,0.7780873200584193
ccgt,climate_neutrality,2050,DEU,billion_2015eur,3.895280264437437
ccgt,climate_neutrality,2050,DNK,billion_2015eur,0.0004108320600719645
ccgt,climate_neutrality,2050,ESP,billion_2015eur,0.001486853405974278
ccgt,climate_neutrality,2050,EST,billion_2015eur,6.147178963342669e-05
ccgt,climate_neutrality,2050,FIN,billion_2015eur,0.00017359172108098505
ccgt,climate_neutrality,2050,FRA,billion_2015eur,0.4602740920040454
ccgt,climate_neutrality,2050,GBR,billion_2015eur,0.18072032357841872
ccgt,climate_neutrality,2050,GRC,billion_2015eur,0.0005334512336289702
ccgt,climate_neutrality,2050,HRV,billion_2015eur,0.0017083645636444779
ccgt,climate_neutrality,2050,HUN,billion_2015eur,0.018472664647706406
ccgt,climate_neutrality,2050,IRL,billion_2015eur,7.31001150592689e-05
ccgt,climate_neutrality,2050,ITA,billion_2015eur,1.5075110123088975
ccgt,climate_neutrality,2050,LTU,billion_2015eur,6.150312512342084e-05
ccgt,climate_neutrality,2050,LUX,billion_2015eur,6.165273373948766e-05
ccgt,climate_neutrality,2050,LVA,billion_2015eur,0.00017867797284952438
ccgt,climate_neutrality,2050,NLD,billion_2015eur,1.5001448257749483
ccgt,climate_neutrality,2050,POL,billion_2015eur,0.014153329455592528
ccgt,climate_neutrality,2050,PRT,billion_2015eur,0.00019352982829449865
ccgt,climate_neutrality,2050,ROU,billion_2015eur,0.0006763142782255
ccgt,climate_neutrality,2050,SVK,billion_2015eur,0.023355021985441374
ccgt,climate_neutrality,2050,SVN,billion_2015eur,6.111579766032475e-05
ccgt,climate_neutrality,2050,SWE,billion_2015eur,0.0007660472333100733
gas_hob,climate_neutrality,2050,AUT,billion_2015eur,0.002192310108691191
gas_hob,climate_neutrality,2050,BEL,billion_2015eur,0.007274723042629218
gas_hob,climate_neutrality,2050,BGR,billion_2015eur,0.0011603881870393897
gas_hob,climate_neutrality,2050,CYP,billion_2015eur,0.0005524396001976667
gas_hob,climate_neutrality,2050,CZE,billion_2015eur,0.017141250298733816
gas_hob,climate_neutrality,2050,DEU,billion_2015eur,0.03463655130143621
gas_hob,climate_neutrality,2050,DNK,billion_2015eur,0.0012367764705237872
gas_hob,climate_neutrality,2050,ESP,billion_2015eur,0.030396292931393655
gas_hob,climate_neutrality,2050,EST,billion_2015eur,0.00038974795220661506
gas_hob,climate_neutrality,2050,FIN,billion_2015eur,0.0008232740364660759
gas_hob,climate_neutrality,2050,FRA,billion_2015eur,0.08841407481015943
gas_hob,climate_neutrality,2050,GBR,billion_2015eur,0.10530398249433354
gas_hob,climate_neutrality,2050,GRC,billion_2015eur,0.008597300021156795
gas_hob,climate_neutrality,2050,HRV,billion_2015eur,0.006420438034980867
gas_hob,climate_neutrality,2050,HUN,billion_2015eur,0.013629035898414481
gas_hob,climate_neutrality,2050,IRL,billion_2015eur,0.0006534887707871605
gas_hob,climate_neutrality,2050,ITA,billion_2015eur,0.07901729573897201
gas_hob,climate_neutrality,2050,LTU,billion_2015eur,0.00038167829021024027
gas_hob,climate_neutrality,2050,LUX,billion_2015eur,0.00040856477197706375
gas_hob,climate_neutrality,2050,LVA,billion_2015eur,0.000730197841400778
gas_hob,climate_neutrality,2050,NLD,billion_2015eur,0.006640483905313422
gas_hob,climate_neutrality,2050,POL,billion_2015eur,0.0385180699760282
gas_hob,climate_neutrality,2050,PRT,billion_2015eur,0.0012723123133008265
gas_hob,climate_neutrality,2050,ROU,billion_2015eur,0.0031484901708781522
gas_hob,climate_neutrality,2050,SVK,billion_2015eur,0.006647941710572209
gas_hob,climate_neutrality,2050,SVN,billion_2015eur,0.0004846050112822332
gas_hob,climate_neutrality,2050,SWE,billion_2015eur,0.0016084382843568829
open_field_pv,climate_neutrality,2050,AUT,billion_2015eur,0.7893224699284382
open_field_pv,climate_neutrality,2050,BEL,billion_2015eur,0.02573984233015516
open_field_pv,climate_neutrality,2050,BGR,billion_2015eur,1.4701720009177424
open_field_pv,climate_neutrality,2050,CYP,billion_2015eur,0.18972455299438823
open_field_pv,climate_neutrality,2050,CZE,billion_2015eur,0.04062736128367413
open_field_pv,climate_neutrality,2050,DEU,billion_2015eur,7.962242130136154
open_field_pv,climate_neutrality,2050,DNK,billion_2015eur,0.0010212083544606384
open_field_pv,climate_neutrality,2050,ESP,billion_2015eur,6.36818375972034
open_field_pv,climate_neutrality,2050,EST,billion_2015eur,0.000550381555340362
open_field_pv,climate_neutrality,2050,FIN,billion_2015eur,0.0006194695662405368
open_field_pv,climate_neutrality,2050,FRA,billion_2015eur,6.595022646254984
open_field_pv,climate_neutrality,2050,GBR,billion_2015eur,3.6681996486243627
open_field_pv,climate_neutrality,2050,GRC,billion_2015eur,1.4158011789356193
open_field_pv,climate_neutrality,2050,HRV,billion_2015eur,0.7167035163000023
open_field_pv,climate_neutrality,2050,HUN,billion_2015eur,0.0005811276469963845
open_field_pv,climate_neutrality,2050,IRL,billion_2015eur,0.0008114783168996862
open_field_pv,climate_neutrality,2050,ITA,billion_2015eur,11.41941542098409
open_field_pv,climate_neutrality,2050,LTU,billion_2015eur,0.0007869177894755448
open_field_pv,climate_neutrality,2050,LUX,billion_2015eur,0.0011870949257617126
open_field_pv,climate_neutrality,2050,LVA,billion_2015eur,0.0006138351158218819
open_field_pv,climate_neutrality,2050,NLD,billion_2015eur,0.001185684871552923
open_field_pv,climate_neutrality,2050,POL,billion_2015eur,0.1843211796043422
open_field_pv,climate_neutrality,2050,PRT,billion_2015eur,1.882748993997913
open_field_pv,climate_neutrality,2050,ROU,billion_2015eur,0.0014158138006230812
open_field_pv,climate_neutrality,2050,SVK,billion_2015eur,0.01630573252422168
open_field_pv,climate_neutrality,2050,SVN,billion_2015eur,0.000573447796883765
open_field_pv,climate_neutrality,2050,SWE,billion_2015eur,0.002610890721257737
roof_mounted_pv,climate_neutrality,2050,AUT,billion_2015eur,0.00039187374898606235
roof_mounted_pv,climate_neutrality,2050,BEL,billion_2015eur,0.00014894943278118762
roof_mounted_pv,climate_neutrality,2050,BGR,billion_2015eur,0.00012743524294049497
roof_mounted_pv,climate_neutrality,2050,CYP,billion_2015eur,0.00013223796435355678
roof_mounted_pv,climate_neutrality,2050,CZE,billion_2015eur,0.0002947604031238838
roof_mounted_pv,climate_neutrality,2050,DEU,billion_2015eur,0.0009760883066676999
roof_mounted_pv,climate_neutrality,2050,DNK,billion_2015eur,0.0002811024394908763
roof_mounted_pv,climate_neutrality,2050,ESP,billion_2015eur,0.0014509421287151319
roof_mounted_pv,climate_neutrality,2050,EST,billion_2015eur,0.00011923314821531883
roof_mounted_pv,climate_neutrality,2050,FIN,billion_2015eur,0.00024756354597518554
roof_mounted_pv,climate_neutrality,2050,FRA,billion_2015eur,0.002008739004155959
roof_mounted_pv,climate_neutrality,2050,GBR,billion_2015eur,0.0007999890102210105
roof_mounted_pv,climate_neutrality,2050,GRC,billion_2015eur,0.00027829619138956363
roof_mounted_pv,climate_neutrality,2050,HRV,billion_2015eur,7.021491554315565e-05
roof_mounted_pv,climate_neutrality,2050,HUN,billion_2015eur,0.00012214557526435933
roof_mounted_pv,climate_neutrality,2050,IRL,billion_2015eur,0.0001429452915298258
roof_mounted_pv,climate_neutrality,2050,ITA,billion_2015eur,0.0007882402306322136
roof_mounted_pv,climate_neutrality,2050,LTU,billion_2015eur,0.00013675803324757988
roof_mounted_pv,climate_neutrality,2050,LUX,billion_2015eur,0.00012280239453565415
roof_mounted_pv,climate_neutrality,2050,LVA,billion_2015eur,0.0001232425957059709
roof_mounted_pv,climate_neutrality,2050,NLD,billion_2015eur,0.0001352141671503051
roof_mounted_pv,climate_neutrality,2050,POL,billion_2015eur,0.0007200269355718134
roof_mounted_pv,climate_neutrality,2050,PRT,billion_2015eur,0.00026025537152980663
roof_mounted_pv,climate_neutrality,2050,ROU,billion_2015eur,0.0003817172994971347
roof_mounted_pv,climate_neutrality,2050,SVK,billion_2015eur,0.00014660081239079972
roof_mounted_pv,climate_neutrality,2050,SVN,billion_2015eur,0.000126516643171806
roof_mounted_pv,climate_neutrality,2050,SWE,billion_2015eur,0.0005093427598930015
wind_onshore,climate_neutrality,2050,AUT,billion_2015eur,9.078747108586612
wind_onshore,climate_neutrality,2050,BEL,billion_2015eur,2.286588381280232
wind_onshore,climate_neutrality,2050,BGR,billion_2015eur,0.001392644696918513
wind_onshore,climate_neutrality,2050,CYP,billion_2015eur,0.47881922801782006
wind_onshore,climate_neutrality,2050,CZE,billion_2015eur,0.03966378927069657
wind_onshore,climate_neutrality,2050,DEU,billion_2015eur,22.152465775890544
wind_onshore,climate_neutrality,2050,DNK,billion_2015eur,15.647147018973543
wind_onshore,climate_neutrality,2050,ESP,billion_2015eur,7.456005630579732
wind_onshore,climate_neutrality,2050,EST,billion_2015eur,4.999276333343248
wind_onshore,climate_neutrality,2050,FIN,billion_2015eur,4.855584061963805
wind_onshore,climate_neutrality,2050,FRA,billion_2015eur,20.20733201195042
wind_onshore,climate_neutrality,2050,GBR,billion_2015eur,59.44517014841574
wind_onshore,climate_neutrality,2050,GRC,billion_2015eur,0.009526455797165961
wind_onshore,climate_neutrality,2050,HRV,billion_2015eur,0.004363551781687179
wind_onshore,climate_neutrality,2050,HUN,billion_2015eur,8.848820710005004
wind_onshore,climate_neutrality,2050,IRL,billion_2015eur,16.305196603650828
wind_onshore,climate_neutrality,2050,ITA,billion_2015eur,9.720525426690486
wind_onshore,climate_neutrality,2050,LTU,billion_2015eur,0.005672657501445859
wind_onshore,climate_neutrality,2050,LUX,billion_2015eur,0.5617107221390549
wind_onshore,climate_neutrality,2050,LVA,billion_2015eur,0.0027366328001492747
wind_onshore,climate_neutrality,2050,NLD,billion_2015eur,7.881771016325145
wind_onshore,climate_neutrality,2050,POL,billion_2015eur,14.950107197608572
wind_onshore,climate_neutrality,2050,PRT,billion_2015eur,21.09183329018101
wind_onshore,climate_neutrality,2050,ROU,billion_2015eur,16.18282767726914
wind_onshore,climate_neutrality,2050,SVK,billion_2015eur,0.008394748306289852
wind_onshore,climate_neutrality,2050,SVN,billion_2015eur,0.0008608572003397736
wind_onshore,climate_neutrality,2050,SWE,billion_2015eur,7.196300870599755
wind_offshore,climate_neutrality,2050,BEL,billion_2015eur,0.0005394416657839026
wind_offshore,climate_neutrality,2050,BGR,billion_2015eur,0.00036631456258154837
wind_offshore,climate_neutrality,2050,CYP,billion_2015eur,0.0001744940789023462
wind_offshore,climate_neutrality,2050,DEU,billion_2015eur,0.0020495551019150617
wind_offshore,climate_neutrality,2050,DNK,billion_2015eur,0.0009328438686980859
wind_offshore,climate_neutrality,2050,ESP,billion_2015eur,0.002947819281981246
wind_offshore,climate_neutrality,2050,EST,billion_2015eur,0.0003349036111863479
wind_offshore,climate_neutrality,2050,FIN,billion_2015eur,0.0007542189388290211
wind_offshore,climate_neutrality,2050,FRA,billion_2015eur,0.006569496453457801
wind_offshore,climate_neutrality,2050,GBR,billion_2015eur,0.015240916244332926
wind_offshore,climate_neutrality,2050,GRC,billion_2015eur,0.0009531031427408991
wind_offshore,climate_neutrality,2050,HRV,billion_2015eur,0.0002908167756850392
wind_offshore,climate_neutrality,2050,IRL,billion_2015eur,0.0009755540030898201
wind_offshore,climate_neutrality,2050,ITA,billion_2015eur,0.002686212272933743
wind_offshore,climate_neutrality,2050,LTU,billion_2015eur,0.0014612512115944104
wind_offshore,climate_neutrality,2050,LVA,billion_2015eur,0.0005241582501354606
wind_offshore,climate_neutrality,2050,NLD,billion_2015eur,0.0020466228127841973
wind_offshore,climate_neutrality,2050,POL,billion_2015eur,0.0015050515925691312
wind_offshore,climate_neutrality,2050,PRT,billion_2015eur,0.0010128675504176387
wind_offshore,climate_neutrality,2050,ROU,billion_2015eur,0.0003646795242510123
wind_offshore,climate_neutrality,2050,SVN,billion_2015eur,0.0002297371251819015
wind_offshore,climate_neutrality,2050,SWE,billion_2015eur,0.0014904156286819764
hydro_reservoir,climate_neutrality,2050,AUT,billion_2015eur,1.8012647248068028
hydro_reservoir,climate_neutrality,2050,BEL,billion_2015eur,0.004479301104841317
hydro_reservoir,climate_neutrality,2050,BGR,billion_2015eur,0.5221177761617246
hydro_reservoir,climate_neutrality,2050,CZE,billion_2015eur,0.2502381839680083
hydro_reservoir,climate_neutrality,2050,DEU,billion_2015eur,0.07132740958124825
hydro_reservoir,climate_neutrality,2050,ESP,billion_2015eur,3.0681829910177636
hydro_reservoir,climate_neutrality,2050,FIN,billion_2015eur,0.47305407242001435
hydro_reservoir,climate_neutrality,2050,FRA,billion_2015eur,3.2682844940166786
hydro_reservoir,climate_neutrality,2050,GBR,billion_2015eur,0.16143629683329858
hydro_reservoir,climate_neutrality,2050,GRC,billion_2015eur,0.9096003286934135
hydro_reservoir,climate_neutrality,2050,HRV,billion_2015eur,0.4651069252985216
hydro_reservoir,climate_neutrality,2050,HUN,billion_2015eur,0.00984796581989621
hydro_reservoir,climate_neutrality,2050,IRL,billion_2015eur,0.0003517130649962932
hydro_reservoir,climate_neutrality,2050,ITA,billion_2015eur,1.636334483503305
hydro_reservoir,climate_neutrality,2050,LTU,billion_2015eur,0.03552301956462561
hydro_reservoir,climate_neutrality,2050,LVA,billion_2015eur,0.3056386534817788
hydro_reservoir,climate_neutrality,2050,POL,billion_2015eur,0.11270835585707638
hydro_reservoir,climate_neutrality,2050,PRT,billion_2015eur,0.6912568579437147
hydro_reservoir,climate_neutrality,2050,ROU,billion_2015eur,1.8547518588008642
hydro_reservoir,climate_neutrality,2050,SVK,billion_2015eur,0.27855674747706416
hydro_reservoir,climate_neutrality,2050,SVN,billion_2015eur,0.07835815375052416
hydro_reservoir,climate_neutrality,2050,SWE,billion_2015eur,4.02854378617812
hydro_run_of_river,climate_neutrality,2050,AUT,billion_2015eur,2.6802373023782833
hydro_run_of_river,climate_neutrality,2050,BEL,billion_2015eur,0.034614640666869326
hydro_run_of_river,climate_neutrality,2050,BGR,billion_2015eur,0.013138413746662716
hydro_run_of_river,climate_neutrality,2050,CZE,billion_2015eur,0.0235942345452827
hydro_run_of_river,climate_neutrality,2050,DEU,billion_2015eur,2.1569354402329513
hydro_run_of_river,climate_neutrality,2050,FIN,billion_2015eur,0.7675707656058108
hydro_run_of_river,climate_neutrality,2050,FRA,billion_2015eur,3.4846959425851893
hydro_run_of_river,climate_neutrality,2050,GBR,billion_2015eur,0.40189469192916494
hydro_run_of_river,climate_neutrality,2050,GRC,billion_2015eur,0.064703755020674
hydro_run_of_river,climate_neutrality,2050,HRV,billion_2015eur,0.16344874725069042
hydro_run_of_river,climate_neutrality,2050,HUN,billion_2015eur,0.011554765661127479
hydro_run_of_river,climate_neutrality,2050,IRL,billion_2015eur,0.12669184684281903
hydro_run_of_river,climate_neutrality,2050,ITA,billion_2015eur,4.075899596738121
hydro_run_of_river,climate_neutrality,2050,LVA,billion_2015eur,0.3766149761933987
hydro_run_of_river,climate_neutrality,2050,POL,billion_2015eur,0.008446339425454157
hydro_run_of_river,climate_neutrality,2050,PRT,billion_2015eur,0.9475494378452508
hydro_run_of_river,climate_neutrality,2050,ROU,billion_2015eur,0.5105505466867215
hydro_run_of_river,climate_neutrality,2050,SVK,billion_2015eur,0.376163343220857
hydro_run_of_river,climate_neutrality,2050,SVN,billion_2015eur,0.4866403932767792
hydro_run_of_river,climate_neutrality,2050,SWE,billion_2015eur,1.1471830154535554
nuclear,climate_neutrality,2050,BGR,billion_2015eur,0.00021628233807038244
nuclear,climate_neutrality,2050,CZE,billion_2015eur,2.2009975784141753
nuclear,climate_neutrality,2050,FIN,billion_2015eur,0.00022674434224506814
nuclear,climate_neutrality,2050,FRA,billion_2015eur,7.772597118263686
nuclear,climate_neutrality,2050,GBR,billion_2015eur,3.1442720946782377
nuclear,climate_neutrality,2050,HUN,billion_2015eur,0.847893598564918
nuclear,climate_neutrality,2050,ROU,billion_2015eur,0.22965000863554422
nuclear,climate_neutrality,2050,SVK,billion_2015eur,0.33209644029279767
battery,climate_neutrality,2050,AUT,billion_2015eur,1.0740449814086954
battery,climate_neutrality,2050,BEL,billion_2015eur,0.14699901162525966
battery,climate_neutrality,2050,BGR,billion_2015eur,0.18156942758788583
battery,climate_neutrality,2050,CYP,billion_2015eur,0.001811677037145443
battery,climate_neutrality,2050,CZE,billion_2015eur,0.13774303124640003
battery,climate_neutrality,2050,DEU,billion_2015eur,0.8680594223532999
battery,climate_neutrality,2050,DNK,billion_2015eur,0.001711735373198547
battery,climate_neutrality,2050,ESP,billion_2015eur,1.2384108293275644
battery,climate_neutrality,2050,EST,billion_2015eur,0.0008826438153014755
battery,climate_neutrality,2050,FIN,billion_2015eur,0.0015998941066283244
battery,climate_neutrality,2050,FRA,billion_2015eur,2.8108361017104455
battery,climate_neutrality,2050,GBR,billion_2015eur,0.4055439669694041
battery,climate_neutrality,2050,GRC,billion_2015eur,0.09791869825280174
battery,climate_neutrality,2050,HRV,billion_2015eur,0.13846979956623068
battery,climate_neutrality,2050,HUN,billion_2015eur,0.14153496077257288
battery,climate_neutrality,2050,IRL,billion_2015eur,0.03971562398873397
battery,climate_neutrality,2050,ITA,billion_2015eur,4.549959582098391
battery,climate_neutrality,2050,LTU,billion_2015eur,0.13705781293001787
battery,climate_neutrality,2050,LUX,billion_2015eur,0.1410020827856368
battery,climate_neutrality,2050,LVA,billion_2015eur,0.0007412380691761995
battery,climate_neutrality,2050,NLD,billion_2015eur,0.007421131379447406
battery,climate_neutrality,2050,POL,billion_2015eur,0.21213109503604652
battery,climate_neutrality,2050,PRT,billion_2015eur,0.47631352165208296
battery,climate_neutrality,2050,ROU,billion_2015eur,0.07717003626027745
battery,climate_neutrality,2050,SVK,billion_2015eur,0.109025370404047
battery,climate_neutrality,2050,SVN,billion_2015eur,0.05612923151955895
battery,climate_neutrality,2050,SWE,billion_2015eur,0.43555439026470383
heat_storage_big,climate_neutrality,2050,AUT,billion_2015eur,0.2010873478236927
heat_storage_big,climate_neutrality,2050,BEL,billion_2015eur,0.12202997092616821
heat_storage_big,climate_neutrality,2050,BGR,billion_2015eur,0.05260356643870637
heat_storage_big,climate_neutrality,2050,CYP,billion_2015eur,0.01974636536935998
heat_storage_big,climate_neutrality,2050,CZE,billion_2015eur,0.1865734286583129
heat_storage_big,climate_neutrality,2050,DEU,billion_2015eur,0.9542031794862722
heat_storage_big,climate_neutrality,2050,DNK,billion_2015eur,0.04678117748177189
heat_storage_big,climate_neutrality,2050,ESP,billion_2015eur,0.16037547154035367
heat_storage_big,climate_neutrality,2050,EST,billion_2015eur,0.012879587871461137
heat_storage_big,climate_neutrality,2050,FIN,billion_2015eur,0.24277263172250765
heat_storage_big,climate_neutrality,2050,FRA,billion_2015eur,0.5104207363200783
heat_storage_big,climate_neutrality,2050,GBR,billion_2015eur,0.5434755919154081
heat_storage_big,climate_neutrality,2050,GRC,billion_2015eur,0.11854695992224164
heat_storage_big,climate_neutrality,2050,HRV,billion_2015eur,0.008320311596933265
heat_storage_big,climate_neutrality,2050,HUN,billion_2015eur,0.0596852595886556
heat_storage_big,climate_neutrality,2050,IRL,billion_2015eur,0.06999412936351745
heat_storage_big,climate_neutrality,2050,ITA,billion_2015eur,0.22987501477215105
heat_storage_big,climate_neutrality,2050,LTU,billion_2015eur,0.05208302838014066
heat_storage_big,climate_neutrality,2050,LUX,billion_2015eur,0.01007872279388395
heat_storage_big,climate_neutrality,2050,LVA,billion_2015eur,0.008413863952322034
heat_storage_big,climate_neutrality,2050,NLD,billion_2015eur,0.19404344444024196
heat_storage_big,climate_neutrality,2050,POL,billion_2015eur,0.8708418471234042
heat_storage_big,climate_neutrality,2050,PRT,billion_2015eur,0.09530471933275031
heat_storage_big,climate_neutrality,2050,ROU,billion_2015eur,0.25526339069861365
heat_storage_big,climate_neutrality,2050,SVK,billion_2015eur,0.0695553997749045
heat_storage_big,climate_neutrality,2050,SVN,billion_2015eur,0.008611102316723702
heat_storage_big,climate_neutrality,2050,SWE,billion_2015eur,0.21564866539953575
hydrogen_storage,climate_neutrality,2050,AUT,billion_2015eur,0.0007044339474402558
hydrogen_storage,climate_neutrality,2050,BEL,billion_2015eur,0.00023466534027298088
hydrogen_storage,climate_neutrality,2050,BGR,billion_2015eur,0.00023732800861714395
hydrogen_storage,climate_neutrality,2050,CYP,billion_2015eur,0.00024790747652706673
hydrogen_storage,climate_neutrality,2050,CZE,billion_2015eur,0.00046966176943160644
hydrogen_storage,climate_neutrality,2050,DEU,billion_2015eur,0.0016396013349457789
hydrogen_storage,climate_neutrality,2050,DNK,billion_2015eur,0.0004753959505539099
hydrogen_storage,climate_neutrality,2050,ESP,billion_2015eur,0.0026060871526224407
hydrogen_storage,climate_neutrality,2050,EST,billion_2015eur,0.00027247117005249253
hydrogen_storage,climate_neutrality,2050,FIN,billion_2015eur,0.0005301693546928971
hydrogen_storage,climate_neutrality,2050,FRA,billion_2015eur,0.0035296293752558367
hydrogen_storage,climate_neutrality,2050,GBR,billion_2015eur,0.0014206572206438082
hydrogen_storage,climate_neutrality,2050,GRC,billion_2015eur,0.00047365113143144256
hydrogen_storage,climate_neutrality,2050,HRV,billion_2015eur,0.00023728608105911758
hydrogen_storage,climate_neutrality,2050,HUN,billion_2015eur,0.00023674215822226373
hydrogen_storage,climate_neutrality,2050,IRL,billion_2015eur,0.00025570228885891916
hydrogen_storage,climate_neutrality,2050,ITA,billion_2015eur,0.0014281455752636974
hydrogen_storage,climate_neutrality,2050,LTU,billion_2015eur,0.0002800718595385529
hydrogen_storage,climate_neutrality,2050,LUX,billion_2015eur,0.00028668652414990916
hydrogen_storage,climate_neutrality,2050,LVA,billion_2015eur,0.0002380692683362674
hydrogen_storage,climate_neutrality,2050,NLD,billion_2015eur,0.00023371241506203632
hydrogen_storage,climate_neutrality,2050,POL,billion_2015eur,0.0011882190130618584
hydrogen_storage,climate_neutrality,2050,PRT,billion_2015eur,0.00047365880132379135
hydrogen_storage,climate_neutrality,2050,ROU,billion_2015eur,0.0007132168407130929
hydrogen_storage,climate_neutrality,2050,SVK,billion_2015eur,0.0002353758729265011
hydrogen_storage,climate_neutrality,2050,SVN,billion_2015eur,0.0002941568591391153
hydrogen_storage,climate_neutrality,2050,SWE,billion_2015eur,0.0009465893028558328
eu_import,climate_neutrality,2050,AUT,billion_2015eur,0.04668788906198426
eu_import,climate_neutrality,2050,BGR,billion_2015eur,0.07459504673166711
eu_import,climate_neutrality,2050,DEU,billion_2015eur,0.08930196235859328
eu_import,climate_neutrality,2050,DNK,billion_2015eur,0.06037140910710341
eu_import,climate_neutrality,2050,FIN,billion_2015eur,0.013191301265138584
eu_import,climate_neutrality,2050,FRA,billion_2015eur,0.11574443959573424
eu_import,climate_neutrality,2050,GBR,billion_2015eur,0.7354121896106374
eu_import,climate_neutrality,2050,GRC,billion_2015eur,0.024626974602945904
eu_import,climate_neutrality,2050,HRV,billion_2015eur,0.04732601216742924
eu_import,climate_neutrality,2050,HUN,billion_2015eur,0.13804360577376015
eu_import,climate_neutrality,2050,ITA,billion_2015eur,0.2169737525003752
eu_import,climate_neutrality,2050,NLD,billion_2015eur,0.7790359141039259
eu_import,climate_neutrality,2050,ROU,billion_2015eur,0.1335100516498274
eu_import,climate_neutrality,2050,SWE,billion_2015eur,0.1351814563933975
hp,climate_neutrality,2050,AUT,billion_2015eur,1.7354640322460744
hp,climate_neutrality,2050,BEL,billion_2015eur,3.109978205875529
hp,climate_neutrality,2050,BGR,billion_2015eur,0.31730462112727237
hp,climate_neutrality,2050,CYP,billion_2015eur,0.12646966577716168
hp,climate_neutrality,2050,CZE,billion_2015eur,2.09268947817285
hp,climate_neutrality,2050,DEU,billion_2015eur,20.23290153671729
hp,climate_neutrality,2050,DNK,billion_2015eur,1.4040125145129305
hp,climate_neutrality,2050,ESP,billion_2015eur,4.7961804809262105
hp,climate_neutrality,2050,EST,billion_2015eur,0.03886179707164195
hp,climate_neutrality,2050,FIN,billion_2015eur,1.4595115630951985
hp,climate_neutrality,2050,FRA,billion_2015eur,14.30853744847946
hp,climate_neutrality,2050,GBR,billion_2015eur,11.826434878281198
hp,climate_neutrality,2050,GRC,billion_2015eur,1.4197308029986884
hp,climate_neutrality,2050,HRV,billion_2015eur,0.6170892684564946
hp,climate_neutrality,2050,HUN,billion_2015eur,1.9740940140781682
hp,climate_neutrality,2050,IRL,billion_2015eur,0.7108428583789528
hp,climate_neutrality,2050,ITA,billion_2015eur,10.782930963726013
hp,climate_neutrality,2050,LTU,billion_2015eur,0.2079452430034608
hp,climate_neutrality,2050,LUX,billion_2015eur,0.23745506985527046
hp,climate_neutrality,2050,LVA,billion_2015eur,0.01880147152871003
hp,climate_neutrality,2050,NLD,billion_2015eur,4.65468997617795
hp,climate_neutrality,2050,POL,billion_2015eur,6.155987240608576
hp,climate_neutrality,2050,PRT,billion_2015eur,0.6073168772143049
hp,climate_neutrality,2050,ROU,billion_2015eur,1.2730206017651982
hp,climate_neutrality,2050,SVK,billion_2015eur,0.5468357039700547
hp,climate_neutrality,2050,SVN,billion_2015eur,0.11232222223871081
hp,climate_neutrality,2050,SWE,billion_2015eur,1.9369249057099258
electrolysis,climate_neutrality,2050,AUT,billion_2015eur,0.04102117571169334
electrolysis,climate_neutrality,2050,BEL,billion_2015eur,0.005986706963749065
electrolysis,climate_neutrality,2050,BGR,billion_2015eur,0.0019339698761887897
electrolysis,climate_neutrality,2050,CYP,billion_2015eur,0.23693326138767024
electrolysis,climate_neutrality,2050,CZE,billion_2015eur,0.03944530780968741
electrolysis,climate_neutrality,2050,DEU,billion_2015eur,0.1473686127595657
electrolysis,climate_neutrality,2050,DNK,billion_2015eur,6.041196435219318
electrolysis,climate_neutrality,2050,ESP,billion_2015eur,0.4415727935305438
electrolysis,climate_neutrality,2050,EST,billion_2015eur,1.5256096220827515
electrolysis,climate_neutrality,2050,FIN,billion_2015eur,0.002674350343262589
electrolysis,climate_neutrality,2050,FRA,billion_2015eur,0.4389105360263486
electrolysis,climate_neutrality,2050,GBR,billion_2015eur,22.14735755919876
electrolysis,climate_neutrality,2050,GRC,billion_2015eur,0.003488544201995586
electrolysis,climate_neutrality,2050,HRV,billion_2015eur,0.0013866548610794252
electrolysis,climate_neutrality,2050,HUN,billion_2015eur,0.0033373034892531673
electrolysis,climate_neutrality,2050,IRL,billion_2015eur,8.28639801038397
electrolysis,climate_neutrality,2050,ITA,billion_2015eur,1.0464105219563447
electrolysis,climate_neutrality,2050,LTU,billion_2015eur,0.0010124085364491254
electrolysis,climate_neutrality,2050,LUX,billion_2015eur,0.000624550219257491
electrolysis,climate_neutrality,2050,LVA,billion_2015eur,0.0017935441672948358
electrolysis,climate_neutrality,2050,NLD,billion_2015eur,0.0020749006228612584
electrolysis,climate_neutrality,2050,POL,billion_2015eur,0.01004719115041125
electrolysis,climate_neutrality,2050,PRT,billion_2015eur,10.361213834867893
electrolysis,climate_neutrality,2050,ROU,billion_2015eur,3.89061250522105
electrolysis,climate_neutrality,2050,SVK,billion_2015eur,0.002211506628282507
electrolysis,climate_neutrality,2050,SVN,billion_2015eur,0.0010491408398512697
electrolysis,climate_neutrality,2050,SWE,billion_2015eur,0.8616754811382411
hydrogen_to_methane,climate_neutrality,2050,AUT,billion_2015eur,0.015167670995216449
hydrogen_to_methane,climate_neutrality,2050,BEL,billion_2015eur,0.0021399114706924104
hydrogen_to_methane,climate_neutrality,2050,BGR,billion_2015eur,0.0003850234745351191
hydrogen_to_methane,climate_neutrality,2050,CYP,billion_2015eur,0.04102031661625531
hydrogen_to_methane,climate_neutrality,2050,CZE,billion_2015eur,0.014809623483449514
hydrogen_to_methane,climate_neutrality,2050,DEU,billion_2015eur,0.055251493685282475
hydrogen_to_methane,climate_neutrality,2050,DNK,billion_2015eur,1.5262082531198837
hydrogen_to_methane,climate_neutrality,2050,ESP,billion_2015eur,0.01301863084127007
hydrogen_to_methane,climate_neutrality,2050,EST,billion_2015eur,0.085222263187159
hydrogen_to_methane,climate_neutrality,2050,FIN,billion_2015eur,0.0004968164171589643
hydrogen_to_methane,climate_neutrality,2050,FRA,billion_2015eur,0.006456269772007367
hydrogen_to_methane,climate_neutrality,2050,GBR,billion_2015eur,1.375820307412392
hydrogen_to_methane,climate_neutrality,2050,GRC,billion_2015eur,0.0006831772464100805
hydrogen_to_methane,climate_neutrality,2050,HRV,billion_2015eur,0.0003175521413234634
hydrogen_to_methane,climate_neutrality,2050,HUN,billion_2015eur,0.0009010934682744977
hydrogen_to_methane,climate_neutrality,2050,IRL,billion_2015eur,1.1118797217422185
hydrogen_to_methane,climate_neutrality,2050,ITA,billion_2015eur,0.06449235355126974
hydrogen_to_methane,climate_neutrality,2050,LTU,billion_2015eur,0.0002157726296659462
hydrogen_to_methane,climate_neutrality,2050,LUX,billion_2015eur,0.00015463391574626058
hydrogen_to_methane,climate_neutrality,2050,LVA,billion_2015eur,0.0002796430889584264
hydrogen_to_methane,climate_neutrality,2050,NLD,billion_2015eur,0.0006098380845072126
hydrogen_to_methane,climate_neutrality,2050,POL,billion_2015eur,0.0023245834221617494
hydrogen_to_methane,climate_neutrality,2050,PRT,billion_2015eur,0.44026601930806736
hydrogen_to_methane,climate_neutrality,2050,ROU,billion_2015eur,0.09871973472559399
hydrogen_to_methane,climate_neutrality,2050,SVK,billion_2015eur,0.0006831335993711123
hydrogen_to_methane,climate_neutrality,2050,SVN,billion_2015eur,0.00018370005927996973
hydrogen_to_methane,climate_neutrality,2050,SWE,billion_2015eur,0.011143185330710379
